Bank_ID,Branch_Code,BankName,BranchName,Address_ID,Telephone
6098,767,Blanda-Olson,Romaguera LLC,941,29336-321
6015,705,"Monahan, Schamberger and Moore",Stanton LLC,561,62750-033
6014,719,"Oberbrunner, Dooley and Weimann",Kunde-Dickens,794,0338-1101
6026,760,Rowe Inc,"Veum, Metz and Deckow",850,54868-1590
6079,750,Wyman-Lynch,Green-Reynolds,849,58809-877
6027,734,"Quigley, Glover and Little","McCullough, Spinka and Moen",283,49035-368
6065,709,"Collier, Pouros and Mitchell",Bauch-Gleason,224,52685-348
6079,764,"Feeney, Goyette and Skiles",Corwin-Bernhard,673,63323-186
6021,703,"Huels, Graham and Schoen",Schmeler and Sons,509,55910-706
6075,704,"Hegmann, Rice and Kling","Howell, Romaguera and Carroll",961,68428-004
6069,758,Simonis-Hermiston,"Gutmann, Hartmann and Robel",719,0555-0658
6091,729,Pouros-Wehner,Huel Inc,561,54575-461
6074,739,"Cole, Runte and Little",Schuppe-Lehner,425,68084-199
6002,732,Spinka Group,"Hahn, Greenholt and Batz",292,63868-143
6050,767,McDermott LLC,Beer-Metz,735,16477-620
6027,710,"Bode, Olson and Jaskolski",Hilpert-Emard,336,29500-9077
6055,728,Ullrich-Bergstrom,Reichel Inc,888,66993-050
6070,735,Hickle-Fay,"Abshire, Conroy and Fahey",910,42507-406
6051,707,"Mante, Goldner and Blick","Kihn, Medhurst and Kunde",204,0054-0098
6025,737,Mayer-Beier,Crist and Sons,331,55513-954
6090,702,Dietrich and Sons,Bode-Reichert,146,62756-751
6029,730,Hoeger Inc,Heaney Group,134,0065-0426
6052,716,Hills LLC,Hettinger and Sons,672,63941-035
6067,754,"Mills, Daniel and Buckridge","Morar, Moen and Kozey",698,43455-0012
6008,761,Schmidt Inc,Gaylord Inc,584,49348-730
6008,729,"Spinka, Hermiston and Kuvalis",Adams and Sons,351,64679-726
6044,739,"Gleason, Goodwin and Weber",Pouros Group,700,0338-0104
6027,715,O'Kon and Sons,"Reinger, Olson and Kirlin",203,50260-200
6067,756,Hackett-Kertzmann,Batz-Goyette,141,65649-303
6008,745,"Blanda, Considine and Nicolas",Moore Group,451,49580-0902
6095,730,Keeling and Sons,Boehm Inc,422,67938-2022
6003,763,Christiansen-Greenfelder,"Armstrong, Nikolaus and Cole",617,60760-016
6065,767,Kirlin-Shanahan,"Heller, Wisozk and Wunsch",54,42979-120
6053,728,"Graham, Metz and Schmidt",Kuhlman and Sons,895,62678-217
6056,738,"Mueller, Gerhold and Medhurst","Swaniawski, Waelchi and Keeling",35,68645-463
6050,710,Ziemann LLC,"Paucek, Rowe and Rodriguez",333,53499-5933
6015,763,Haag and Sons,"Walsh, Jenkins and Bayer",404,68180-384
6020,735,"Doyle, Weber and MacGyver",Langworth-Schamberger,52,42507-046
6031,700,Halvorson-Witting,"Keeling, Kulas and Bernier",943,67938-0908
6012,709,"MacGyver, Kuhn and Padberg",Kunde and Sons,134,41520-666
6013,745,Erdman-Ratke,Abernathy-Gleichner,888,54868-5009
6050,730,"Haley, Rowe and Champlin",Auer-Green,794,36987-1009
6064,733,Haley-Schroeder,Schulist Inc,849,12745-144
6077,750,Kunde-Ratke,Nolan Group,806,58914-117
6019,740,Muller-Blanda,Yost Inc,37,62670-4806
6034,725,"Larson, Schoen and Hoppe",Von-Lockman,802,76126-035
6083,718,Baumbach and Sons,"Mayer, Kulas and Dietrich",883,21130-415
6033,717,Corkery-Klocko,Considine-Gleason,196,63739-126
6084,730,"Doyle, Ernser and Schinner",Nicolas-Jacobson,441,62011-0032
6034,759,McGlynn-Ledner,McGlynn-Hagenes,530,55316-906
6009,709,Runte-Lowe,"Kuhlman, Weissnat and Christiansen",489,49349-947
6033,751,Pollich-Gorczany,"Ratke, Spencer and Graham",645,0093-5277
6066,755,"Thiel, Bruen and Gleichner",Boyle-Cummerata,316,0228-2879
6048,739,"Torp, Ruecker and Christiansen",Stracke-Schroeder,571,53329-800
6045,728,"Cassin, Stanton and Miller",McLaughlin and Sons,651,0615-3520
6045,751,Waelchi-Rolfson,Bogisich Group,543,55154-6247
6028,725,"Herzog, Gutkowski and Quitzon",Fisher-Becker,738,63323-120
6017,726,"Barrows, Spinka and Walker","Kohler, Parisian and Koch",993,43857-0334
6035,715,Lehner-Nienow,"Kulas, Fahey and Marquardt",862,21695-826
6050,730,Pfeffer-Dibbert,Gutmann LLC,786,68084-537
6025,732,"Leuschke, Marvin and Beier",Metz and Sons,65,0245-1072
6035,702,"Ullrich, Leffler and Hoppe",Batz Group,950,50419-325
6033,711,Heller Inc,Wiza Inc,56,0093-2049
6027,734,Ernser-Predovic,"Lueilwitz, Cassin and Hartmann",92,65862-070
6091,716,"Durgan, Abbott and Gleason","Jast, Schimmel and Bergnaum",472,43269-732
6053,727,"Harvey, Terry and Bradtke",Pacocha Group,428,65044-6587
6088,760,"Bayer, Prosacco and Langosh",Rice and Sons,323,54868-5732
6079,712,Christiansen-Larkin,Koelpin-Baumbach,617,63941-249
6064,770,Doyle-Langworth,Collins Inc,498,55289-909
6035,767,"Rempel, Corwin and Waters",Toy Inc,659,10237-714
6037,712,Strosin and Sons,Osinski-Fritsch,398,0781-2325
6073,742,Daugherty-Hudson,"Rogahn, Romaguera and Jacobs",491,48951-8117
6075,751,"McGlynn, Collins and Reynolds",Grant-Dach,873,55714-2261
6048,718,Rath-Hand,"Von, Beier and Smitham",172,13925-050
6043,769,"Beier, Wiza and Miller",Haley-Wolf,866,36987-2551
6030,736,Walker-Bednar,"O'Connell, VonRueden and Bogan",700,0904-6314
6032,732,"O'Keefe, Monahan and Mante",Swift-Morar,591,65862-554
6082,733,Kuhlman-Tremblay,Mueller LLC,696,0268-0603
6050,747,"Hudson, Harvey and Mayer","Larson, Sauer and Connelly",410,57520-0063
6080,759,Grant LLC,"Dickens, Jakubowski and Willms",71,0517-5710
6037,704,Abbott and Sons,"Ratke, Parker and Stroman",260,13537-030
6035,713,Rath-Batz,Hermiston and Sons,281,49288-0630
6012,749,Wuckert-Little,"Keeling, Eichmann and Rice",677,10586-9104
6045,743,Schultz-Konopelski,Ortiz LLC,291,49738-203
6092,743,"Ward, Langosh and Tromp","Ledner, Gorczany and Price",690,60371-344
6015,764,Hickle-Wolff,Oberbrunner-Deckow,458,55154-8250
6053,752,Fisher Group,Emmerich-Nikolaus,989,42254-079
6097,763,Gleason-Johns,"Johns, Smith and Brekke",114,52125-248
6040,706,"Harvey, Rolfson and Johnston","Feil, Hagenes and Turcotte",928,43857-0010
6052,729,Kassulke-Mohr,"Bahringer, Balistreri and Carter",113,43063-471
6085,748,"Wiza, Johnson and Trantow",Satterfield-Jakubowski,849,53603-2002
6074,713,Feeney and Sons,Ortiz-Dietrich,361,49884-650
6068,723,"Medhurst, Kemmer and Runte",Herzog-Mraz,943,55154-4944
6065,740,"Rippin, Smitham and Kemmer",Wisozk-Rau,109,21130-005
6071,754,Considine-Blanda,"Bauch, Deckow and Spencer",654,48664-002
6023,742,Reynolds and Sons,"Torphy, Gutkowski and DuBuque",434,0004-0298
6070,745,Kerluke Group,O'Reilly-Bartoletti,469,24724-030
6087,713,"Kertzmann, Luettgen and Nienow",Streich-Stoltenberg,333,0615-5537
6057,742,Hagenes LLC,Terry-Dickens,196,54868-2199
6005,701,"Ernser, Stoltenberg and McCullough","Rempel, Pouros and Runolfsson",782,42254-351
6063,739,Konopelski Group,Jacobi-King,825,49288-0420
6039,742,Langworth-Block,Kilback-Jacobi,812,69082-500
6037,742,Krajcik-O'Hara,"Gibson, Schmidt and Ratke",285,11822-6181
6059,764,Dickinson LLC,"Feeney, Littel and Weber",552,36987-1574
6069,757,"Bartoletti, Kassulke and Powlowski","Corkery, Thiel and Hyatt",683,0280-2605
6086,702,"Pagac, Bednar and Sauer",Kling-Bins,876,54868-0617
6002,734,"Gislason, Hintz and Littel",Schumm-Hoeger,572,46084-051
6096,756,"Tromp, Yost and Feest","Stanton, Robel and Murphy",765,0469-3575
6039,719,"Beer, Bernier and Gerlach",Aufderhar-Wiegand,748,76045-103
6094,712,"Morissette, Jast and Hermiston",O'Keefe-Bechtelar,434,0268-0830
6008,715,"Yundt, Lang and Crooks",Osinski-Yost,20,60258-005
6028,701,Donnelly-Krajcik,"Welch, Swift and Gleichner",747,54569-1144
6073,752,Stoltenberg and Sons,Robel LLC,530,53807-406
6096,750,Gusikowski-Wunsch,Rowe LLC,95,65044-1518
6031,709,Hermann-Schroeder,"Graham, Casper and Willms",535,55289-293
6096,757,"Beier, Ratke and Runte","Mertz, Abshire and Watsica",800,0185-0104
6071,724,Cole-Tremblay,Dibbert Group,600,49884-065
6040,726,Hoeger Inc,"Rath, Corwin and Torphy",304,59039-003
6059,702,Ward LLC,Tremblay LLC,871,37808-240
6078,728,Ferry-Bruen,Sanford LLC,732,54575-349
6048,730,"Blanda, Emmerich and Lesch","Metz, Hilll and Howe",993,0703-2812
6064,702,Wiza Group,Wiegand-Kerluke,554,51143-076
6096,740,Mills and Sons,Gutmann-Bayer,45,52125-596
6057,740,"Gorczany, Fadel and Gleason",Cruickshank LLC,485,99207-290
6090,723,"Crist, Kunde and Cassin",Tromp Group,138,0832-0602
6003,737,"Hagenes, Quigley and Heaney",Smith Inc,535,58232-0755
6008,736,Jacobs LLC,Ondricka and Sons,288,36987-1789
6030,705,Muller-Marks,"Kunde, Franecki and Sipes",549,62011-0082
6082,733,"Cummings, O'Hara and Ullrich",Hane-Hahn,226,68327-037
6085,740,Gorczany LLC,Sanford-Shields,643,16590-036
6066,735,"Yundt, Kessler and Cronin",Russel-Mills,470,59886-347
6011,741,Daniel and Sons,"Bergstrom, Hand and Pfeffer",651,0268-6730
6055,722,"Schaefer, Cormier and Effertz","Parisian, Gaylord and Gleichner",56,53489-368
6008,738,Torp-Kuhn,Olson-Littel,665,43742-0321
6075,769,Schuster LLC,"Feeney, Sipes and Hartmann",802,51885-3100
6045,707,"Green, Hagenes and Carroll",Gutkowski LLC,866,14060-006
6030,720,Hettinger-Ledner,Leuschke LLC,60,54868-5902
6038,751,"Senger, Carroll and Oberbrunner","Quigley, Funk and White",598,69090-0100
6016,769,"Reynolds, Welch and Hamill",Fritsch LLC,666,46987-325
6018,748,"Ullrich, Jast and Bins","Reilly, Gleichner and Hauck",312,49349-550
6076,710,Langworth-Hamill,Moen-Bode,987,57520-0656
6028,760,Lowe Inc,Wilkinson Group,782,43538-130
6096,703,Breitenberg-Bruen,Howe-Goldner,278,36987-2688
6008,739,Prohaska-Fadel,"Green, Bosco and Botsford",146,68788-9549
6004,725,Weber and Sons,Quigley-Runolfsson,626,13537-262
6035,701,"Mosciski, Rutherford and Kling","Huel, Kessler and Russel",33,36987-1667
6010,749,Muller and Sons,"Crona, Buckridge and Gleason",397,54569-6362
6090,736,Howe and Sons,Schumm Inc,445,14783-251
6062,742,Bogan LLC,"Moore, Gusikowski and Macejkovic",680,58118-1512
6082,765,Gibson-Klein,VonRueden-King,778,53808-0948
6005,729,"Tillman, Greenfelder and Maggio",Hermiston-Simonis,377,54973-2958
6058,711,"Weber, Brown and Pacocha",Will-Yundt,632,59779-260
6086,757,Mraz-Krajcik,"Kuhic, Zemlak and Bergnaum",391,58154-107
6020,723,Stark-Larson,McGlynn Inc,166,49288-0269
6052,770,Roberts-Dietrich,"King, Legros and D'Amore",520,55714-4474
6015,717,Koelpin-Hammes,"Nader, Lubowitz and Orn",651,0615-5591
6080,742,Hagenes-Murazik,"Wolff, Mills and Luettgen",138,24208-347
6028,764,Ondricka LLC,"Balistreri, Reichel and Hickle",584,98132-139
6006,765,Flatley-Gislason,Walsh-Strosin,40,52124-0005
6087,729,Nikolaus Inc,"Jones, Nolan and Moore",160,42288-000
6041,707,Kiehn and Sons,Auer Group,351,0363-0634
6013,770,Skiles-Parker,Purdy-Bauch,14,60846-803
6012,732,Streich Group,Haley Group,543,48951-5032
6038,765,Macejkovic-Mills,Nikolaus-Harber,888,24765-100
6099,767,"Legros, Johnson and Leuschke",Altenwerth-Jacobs,983,51596-007
6062,752,"Powlowski, Heidenreich and Bergnaum",Abernathy LLC,406,61589-6015
6092,730,"Bruen, Murazik and Crona","Hoeger, Beer and Cummerata",214,37000-829
6003,767,Ondricka-Koepp,"Mills, Okuneva and Hirthe",113,0143-1455
6049,730,Jast Inc,West Inc,663,55754-121
6020,725,Terry-Mraz,"Haag, Oberbrunner and Becker",870,50458-830
6039,759,Cormier-Ruecker,Mosciski-Daniel,669,49351-016
6063,741,Dare-Goyette,"Cummings, Erdman and Cruickshank",918,49349-471
6097,760,Bode LLC,Erdman Inc,814,11673-818
6020,763,Rippin-Reichel,"Simonis, Kilback and Parisian",744,54458-938
6004,745,Prosacco LLC,"Funk, Larson and Stracke",487,68899-0001
6069,769,"Reynolds, Beahan and Friesen","Langosh, Jacobi and Mosciski",74,54532-0018
6081,756,Batz LLC,Zboncak-Cormier,481,43353-587
6045,722,"Gaylord, Von and Prosacco",Adams-West,146,61561-012
6076,714,Boehm-Tremblay,Baumbach Group,53,0268-0820
6063,758,Lueilwitz LLC,Zboncak-Yundt,883,10596-332
6013,739,Huel and Sons,Wintheiser-Lakin,898,21695-661
6085,700,Johns Inc,"Collier, Padberg and Crist",639,59779-997
6084,770,"Bruen, Moore and Mante",Bergstrom-Hessel,433,49349-209
6093,728,"Balistreri, O'Keefe and Fadel","Cassin, Klein and Lesch",224,75981-664
6032,739,Quitzon-Waelchi,Brown-Parker,412,0363-0407
6090,768,Mante-Franecki,"Wunsch, Dicki and Stroman",958,42291-528
6001,748,Botsford-Windler,Oberbrunner Group,36,59762-0057
6051,732,Erdman-Lemke,Gerhold-Prohaska,821,48951-5024
6096,733,Koelpin-Tillman,Lesch-Terry,451,76420-760
6000,769,Yost-Swift,Halvorson Inc,225,98132-665
6023,735,"Huels, Nikolaus and Sauer",Hand-Schimmel,948,0904-6123
6044,713,"Friesen, Schamberger and Yundt","Blick, Bogisich and McLaughlin",285,0268-6121
6024,702,Durgan and Sons,"Adams, Reynolds and Lakin",609,55390-358
6002,732,Schamberger Group,Morissette-McCullough,311,0615-7632
6078,742,Koss Group,"Considine, Senger and Kohler",457,36987-2606
6035,759,Schaefer-Crooks,"Cronin, Bayer and McKenzie",470,13551-205
6091,706,Trantow-Marquardt,Shields-O'Conner,278,52183-266
6040,745,"Sanford, Schiller and Paucek",Stroman Inc,60,50382-051
6000,757,Fadel Group,"Okuneva, Welch and Heller",67,63304-167
6059,718,Marquardt LLC,West-Berge,204,49230-197
6085,739,Rau Group,Carter Group,409,37808-922
6067,726,"VonRueden, Leffler and Wunsch",Bogan and Sons,347,0009-3794
6003,718,Boyle Inc,Welch LLC,481,10109-1234
6009,709,"Rosenbaum, Cruickshank and Stark",Bradtke and Sons,268,54575-305
6037,717,Wuckert Inc,Mante-Dietrich,430,53808-0717
6002,759,"Breitenberg, Morissette and Oberbrunner",Nader-Moore,231,41163-074
6047,746,"Adams, Bode and Upton",Nikolaus-Strosin,544,41520-468
6066,752,Metz-Breitenberg,"Kirlin, Tremblay and Jakubowski",982,64720-189
6053,726,Herzog LLC,Quigley-Senger,610,0496-0729
6022,718,Smitham-Schulist,Greenholt Group,138,41163-974
6001,735,Gottlieb Inc,Satterfield LLC,854,68788-9805
6006,712,Lebsack-Greenfelder,Harber-Torphy,20,68196-213
6058,750,"Koepp, Krajcik and Nader","Herman, Kuhn and Mante",410,11822-0013
6004,754,Hodkiewicz-Pagac,Herzog-Reilly,993,49483-343
6008,739,Raynor and Sons,"Schneider, Hoeger and Carroll",34,55154-6187
6081,731,Herman and Sons,Grimes Group,691,10812-608
6060,724,Cronin Inc,Howe LLC,485,55648-544
6001,764,Blick and Sons,"Brakus, Cremin and Cummings",440,55154-8384
6013,756,"Altenwerth, Lowe and Dare","Rice, Flatley and Robel",148,50114-6922
6013,722,"Zulauf, Altenwerth and Nitzsche",Schmitt LLC,304,0268-1240
6093,726,"Hansen, Oberbrunner and Grimes","O'Kon, Quigley and Thompson",391,36987-1864
6018,769,Barton LLC,"Spinka, Rath and Metz",133,25021-113
6007,732,"Corwin, Harris and Nienow",Veum Group,649,10237-819
6088,745,Wisoky-Macejkovic,Cruickshank LLC,790,63940-020
6023,770,Miller-Jenkins,"Osinski, Bosco and Mraz",336,35356-905
6031,766,"Braun, Gleason and Bode",McLaughlin-White,397,10812-351
6031,713,Lynch LLC,Funk-Lynch,486,10631-096
6040,702,Wunsch Group,"Koepp, Schultz and Wiza",899,0409-6730
6008,726,Pfeffer LLC,Jacobs Inc,457,49999-218
6064,730,Jacobs and Sons,Lynch LLC,589,0430-0722
6050,703,Fritsch Group,Johnson-Predovic,916,41520-343
6056,757,Gerhold-Brown,Klocko-Gorczany,127,49808-123
6014,739,"Rempel, Larkin and Dickens",Leannon Group,689,49349-700
6079,724,"Bins, Pfannerstill and O'Keefe",Buckridge-Boehm,493,52959-260
6045,701,Gutmann LLC,Goldner-Orn,587,35418-233
6068,711,"Hamill, Nikolaus and Windler",D'Amore-Deckow,941,51655-880
6053,766,Gislason-Fadel,"Adams, Marquardt and Ratke",549,60793-602
6048,727,Abbott Inc,"Rohan, Donnelly and Kemmer",325,66774-1001
6056,710,King LLC,Corwin and Sons,431,33261-145
6024,700,"Renner, Russel and Fahey","Collier, O'Connell and Morissette",480,23359-003
6041,766,Monahan and Sons,Wolff and Sons,819,50458-343
6050,716,Hegmann-Ferry,"Stracke, Nikolaus and Rice",34,54973-2926
6091,758,"Reinger, Lebsack and Torp",Nicolas-Hickle,390,58232-0527
6013,732,Braun Inc,Bradtke and Sons,317,43063-433
6091,741,"Kohler, Mante and Pacocha",Feest-Block,755,41250-987
6019,726,Crist-Prosacco,"Schmidt, Schowalter and Willms",94,42254-172
6063,729,Ledner LLC,Schultz and Sons,3,67038-108
6012,711,"Stiedemann, Robel and Lindgren",Hand LLC,617,0280-0700
6081,740,Kutch-Schulist,"Kreiger, Bradtke and Cole",399,0832-1212
6026,754,Sauer-Sawayn,Ryan Group,438,63940-072
6058,717,Farrell-Denesik,Larkin Inc,744,21695-203
6041,766,Johns-Armstrong,"Tromp, Goodwin and Gaylord",34,68462-380
6057,703,Rau-Lakin,"Fisher, Parker and Collins",121,17478-501
,704,Yundt-Jones,Schumm-Robel,60,43447-9440
6085,716,Beahan Inc,Cremin-Jacobson,875,76472-1138
6068,700,"Dibbert, Zulauf and Anderson","O'Reilly, Hane and Hammes",759,35356-064
6003,732,"Turner, Murazik and Marks","Towne, Grady and Beer",479,21695-853
6051,761,McKenzie and Sons,Lebsack Group,213,0555-0071
6066,744,Hilll Inc,Blick-MacGyver,646,54575-938
6032,700,"Effertz, Jacobson and Cormier",Medhurst-Ebert,787,11523-7336
6078,764,"Bins, Jaskolski and Hagenes","Collins, Wisozk and Buckridge",887,51346-218
6096,755,Crona-Fisher,"Bode, Little and Reynolds",59,0006-0277
6052,712,Graham Group,Pfeffer-Brown,883,45802-221
6003,703,Stehr-Sanford,Jerde-Gerhold,831,50297-0001
6089,761,"Kovacek, Shields and Kohler","Ankunding, Boyle and Koss",796,61010-8300
6020,723,"Price, Grimes and Renner","Weber, Towne and Prosacco",14,49349-171
6048,702,Haley Group,Bernhard-Hessel,366,0006-0575
6081,747,Bradtke and Sons,Collins and Sons,781,41250-070
6035,743,Wolf-Schroeder,Anderson Inc,420,55312-309
6061,717,"Hackett, Daugherty and Kreiger",Kozey-Boyer,110,0591-5535
6044,752,Blanda and Sons,Cruickshank-Davis,431,21695-901
6050,757,"Lueilwitz, Gislason and Sporer","Blanda, Luettgen and Kassulke",879,17089-451
6049,725,Daugherty Inc,"Wunsch, Zieme and Wisozk",140,49349-671
6081,729,Klein-Nolan,"Bins, Goldner and Windler",641,54879-004
6011,739,Smitham Group,"Sporer, Raynor and Greenfelder",744,0781-1655
6027,768,Hermiston Group,"Buckridge, Erdman and Keeling",755,11527-089
6066,755,Kuhn-Parisian,Corwin Inc,911,10237-707
6010,752,Cole Inc,Heller-Keebler,225,24987-111
6010,731,Mayert Inc,"Konopelski, Pagac and Howe",57,49348-854
6035,737,Lakin LLC,Pollich Inc,420,49884-984
6069,715,"Kub, Bernier and Mayer","Hammes, Corwin and Thompson",916,0178-0320
6084,761,"Hartmann, Keebler and Pfannerstill","Funk, Harvey and Casper",409,57664-115
6029,724,Ruecker-Hegmann,Haag-Strosin,672,16590-990
6058,740,Oberbrunner-Rodriguez,"Bode, Armstrong and Bednar",850,0713-0176
6026,760,"Becker, Ankunding and O'Keefe",Abbott-Torp,175,0049-0056
6085,731,Borer LLC,Leffler Group,260,76354-005
6085,726,Ratke-Harris,Brown-Crona,605,54111-112
6066,746,Schumm Group,Brakus-Champlin,636,47781-147
6034,751,"Greenholt, Kuphal and Will",Torphy-Schmitt,936,55154-5738
6014,770,Abbott Inc,Crist-Cormier,663,0517-0760
6032,754,Jenkins-Morissette,McClure-Reichel,248,52125-769
6027,758,Carroll-Rowe,Lemke-Feil,368,16714-346
6072,706,"Howell, Nienow and Mueller",Daugherty LLC,376,0093-2275
6060,740,Legros-Grimes,Lang-Graham,436,64997-050
6069,745,"Raynor, O'Keefe and Rau",Harvey-Roberts,680,49884-307
6062,762,Shields-Parisian,Reichel-Trantow,937,52959-547
6009,719,Reichert Inc,Thompson LLC,700,16729-197
6029,718,Gleichner and Sons,"Koepp, Mayer and Kub",588,0615-4595
6084,703,"Graham, Littel and Cronin",Walter-Nicolas,903,43846-0007
6072,739,"Walker, Schultz and Gaylord","Russel, Trantow and Kozey",129,49643-319
6086,757,Roob LLC,"Daniel, Blick and O'Hara",888,21695-502
6019,726,"Bayer, Romaguera and Watsica",Lowe-Wiegand,495,43857-0067
6013,759,Feil Inc,"Tremblay, Kling and Weissnat",936,68462-158
6041,730,Mitchell-Connelly,"Shanahan, Osinski and Terry",821,13537-519
6013,709,Hettinger-Schoen,King Group,97,0409-4191
6032,701,"McDermott, Rogahn and Bartoletti","Donnelly, Mraz and Dibbert",191,55154-5728
6003,740,"Schmitt, Towne and Gleason","Hamill, Mitchell and Grant",331,37808-168
6050,729,Considine LLC,Nader Group,898,42546-185
6024,703,Borer Group,"Schulist, Vandervort and Kuhlman",513,0024-0393
6092,732,Stracke and Sons,"Nolan, Stamm and O'Kon",181,61077-125
6075,754,Heaney LLC,"Gerhold, Marvin and Padberg",309,60429-040
6045,745,"Herman, Ruecker and Hyatt","Lubowitz, Hilll and O'Keefe",277,57520-0067
6005,732,Lehner and Sons,"Bernier, Ruecker and Kulas",592,63629-3767
6097,734,"Grady, Graham and Conroy",Sauer-Corwin,494,11523-7358
6039,733,Kilback LLC,Jacobs-Runolfsdottir,314,55289-270
6075,764,Weissnat Inc,Wolf Group,848,68196-411
6058,701,Carroll and Sons,Romaguera and Sons,852,17238-193
6050,770,"Goodwin, Zemlak and Okuneva",Miller Inc,380,57520-0588
6067,716,"Marquardt, Beier and Beer",Altenwerth and Sons,951,62654-230
6081,713,Mayer LLC,"Cronin, Ullrich and Goodwin",209,0074-5681
6055,764,Stokes LLC,"Hand, Ernser and Waters",602,55648-920
6064,742,Goodwin-Lueilwitz,Rohan-Tillman,702,0699-7031
6033,766,"Steuber, Hodkiewicz and Haag","Heller, Bogan and Tromp",181,49035-375
6076,763,Rice Group,Bogan-Dibbert,571,49288-0251
6027,713,Witting Inc,Okuneva-Huels,587,60512-6039
6090,766,"Fahey, Rodriguez and Ward",Oberbrunner-Dare,543,75857-1103
6064,749,Russel and Sons,Reinger-Schuster,571,49288-0123
6091,710,"Murray, Upton and Orn","Rau, Lowe and Walker",181,37808-469
6079,733,"Schowalter, Schinner and Schuster",Grady-Keeling,989,65044-3134
6082,770,Stamm-Schulist,Denesik Group,445,36987-1926
6066,770,McDermott-Murray,Champlin and Sons,489,59779-711
6073,744,Jerde and Sons,Kemmer-Upton,639,55714-4596
6031,770,"Wuckert, Wiza and Boehm",Runolfsdottir-Hilpert,95,10819-5812
6048,740,"O'Kon, Schneider and Robel","Hilpert, Schneider and Keeling",600,52125-279
6022,727,Tillman-Leffler,Volkman-Kris,33,0603-7540
6092,765,Blanda Group,Lueilwitz-Ankunding,113,0869-0831
6017,754,"Cassin, Rohan and Kub","Jacobson, Grant and Kiehn",834,0641-6044
6092,743,"Windler, Waelchi and Torp",Nolan-Buckridge,486,11822-0548
6006,700,Schumm LLC,Maggio Group,736,43269-690
6065,726,"Emmerich, Gulgowski and Goodwin",Wunsch Inc,95,68788-9402
6053,739,Reynolds-Ledner,Carter-Hauck,117,37205-314
6063,702,"Howe, Tromp and Pouros",Sanford-Gibson,499,68788-9815
6073,741,"O'Conner, McClure and Bahringer",Heathcote-Price,481,49877-006
6031,739,"Greenfelder, Muller and VonRueden",Sanford Group,83,55648-976
6050,744,Rippin LLC,"Aufderhar, Moen and Gutkowski",298,49884-664
6033,753,Gottlieb-Corwin,Grant LLC,943,0615-7678
6096,734,Hahn Group,"Gorczany, Cassin and Runolfsson",930,37000-384
6062,737,Hudson-O'Hara,Pacocha-Grant,301,75862-005
6027,768,Bahringer-Kilback,"Barton, Howell and Runolfsdottir",412,14783-323
6099,753,"Jones, Yost and Fay",Emmerich-Gorczany,357,0268-1164
6024,726,"Kulas, Lemke and Emard",Schiller-Cole,760,0884-6600
6027,736,Willms Group,Wehner-Beer,972,42508-137
6049,706,"Cruickshank, Konopelski and Gulgowski","Leannon, Heidenreich and Russel",256,60760-240
6064,765,Marvin and Sons,Schiller and Sons,36,42507-355
6045,752,Mante LLC,"Connelly, Armstrong and Hane",368,0054-3026
6073,745,"Heidenreich, Muller and Paucek","Sporer, Blick and Lind",291,0642-0076
6026,756,Dickinson-Fisher,"Toy, Mayert and Hessel",143,61958-0403
6039,718,Beer-Dach,Stamm and Sons,194,52685-363
6053,729,Spinka and Sons,Wunsch Inc,778,0703-5145
6049,769,Armstrong-Altenwerth,"Dach, Feest and Ondricka",215,64205-222
6030,752,"Thiel, Grady and Feil",McDermott-Lockman,586,63629-3739
6024,726,Ullrich and Sons,Ryan-Robel,59,0093-1006
6039,742,"Spinka, Beier and Bode","Predovic, Swaniawski and Hoeger",762,49288-0279
6054,764,Waters-Stokes,"Bechtelar, Lakin and Dicki",180,0069-3859
6084,768,Kozey Inc,Medhurst-Jast,616,61442-323
6060,723,Zboncak-Hickle,McDermott-Nitzsche,738,52125-357
6018,736,Leffler Group,Reichert Inc,59,59667-0060
6066,716,VonRueden LLC,"Bernhard, Sanford and Schiller",589,0316-2020
6055,765,"Deckow, Aufderhar and Parker","Murray, Osinski and Turner",383,36987-1034
6020,706,Kub LLC,"Baumbach, Medhurst and Corkery",971,54868-3695
6033,706,Yost-Effertz,O'Keefe-Bogisich,654,64997-100
6082,735,Hartmann-Kunze,Lowe-Sanford,439,50629-1005
6084,749,Romaguera-Streich,"Medhurst, Dare and Yost",572,11410-302
6031,764,Yundt and Sons,Hyatt and Sons,227,67692-001
6058,721,Kris LLC,"Goodwin, Kunze and Fay",45,36800-970
6087,732,Aufderhar LLC,"Orn, Shanahan and Swaniawski",130,42507-139
6057,709,"Stanton, Blanda and Walker","Heaney, Hodkiewicz and McKenzie",355,67544-097
6100,703,"Hintz, Runte and Krajcik",Beatty-Block,283,50242-018
6028,729,"Ullrich, Cassin and Robel","Rempel, Berge and Schultz",950,36987-2615
6075,703,Murray Group,Koepp-Fadel,726,37808-477
6015,720,Wyman-West,"Davis, Denesik and Gibson",288,35356-642
6064,768,Lehner Inc,"O'Kon, Gorczany and Denesik",821,68151-1840
6092,738,"Keeling, Powlowski and Wisoky","Goodwin, Kling and Kerluke",498,36987-3248
6100,737,"Hane, Wiza and Dickens",Breitenberg and Sons,342,57520-0395
6035,730,Gutkowski-Hodkiewicz,Fritsch-Greenfelder,407,42549-658
6092,768,Maggio-Bergnaum,Schultz-Torphy,899,64205-488
6076,759,"Hartmann, West and Towne","Boehm, Bins and Hegmann",435,52125-248
6053,718,"Bosco, Daniel and Fritsch",Larkin-Waelchi,14,61957-1822
6075,741,Volkman-Weber,Bailey and Sons,571,36987-2371
6053,706,Kulas Inc,Deckow and Sons,738,55910-110
6011,727,"Stehr, Legros and Corkery",Haag LLC,181,56062-724
6057,739,Rowe-Effertz,Jast-DuBuque,488,0363-0257
6030,742,Parisian-Lubowitz,Macejkovic-Ritchie,874,61958-1001
6058,704,Franecki-Powlowski,Stroman Inc,462,37000-284
6065,758,"Bashirian, Gleason and Skiles",Botsford-Haag,672,68712-020
6022,728,Russel-Spinka,"Weber, Kshlerin and Kihn",411,42893-012
6078,742,"Deckow, Waters and Torp",Gleichner Inc,910,11523-7170
6033,741,Yost-Mayer,"Jacobson, Rohan and Goyette",576,76237-278
6070,757,Smith-Schultz,Sawayn-Quitzon,995,55289-820
6066,769,Rice-Sauer,"Schoen, Franecki and Pollich",702,0409-8004
6052,736,Schimmel-Rath,McKenzie-Dicki,444,63148-271
6035,761,Champlin and Sons,Hintz LLC,146,43742-0213
6076,714,Lang-Gleason,Ledner Inc,878,65162-572
6039,716,"Wisoky, Bayer and Huel",Lindgren-Howell,216,58836-0972
6065,770,Vandervort-Spinka,Daugherty-Lindgren,380,64768-2919
6050,761,Graham-Williamson,"Schmitt, Walsh and McKenzie",836,48951-2044
6021,716,Lueilwitz-Kerluke,"Mills, Heidenreich and Crona",206,37000-819
6000,705,"Berge, Schultz and Barrows","Hirthe, Reichel and Mann",191,66116-810
6043,763,Lueilwitz Group,Pfannerstill Group,592,0093-8675
6097,732,Weissnat and Sons,"Marks, Wiza and Feil",449,55714-2295
6013,738,"Cremin, Schaefer and Quigley","Cruickshank, Jacobi and Kuhn",847,57344-119
6067,770,"Hintz, Abernathy and Wyman","Metz, Batz and Walker",353,55312-571
6058,759,"Cruickshank, Blick and Lynch",Goodwin-Krajcik,571,59779-216
6090,763,Heaney and Sons,Powlowski-Hirthe,316,57520-0088
6071,738,Shanahan-Kohler,Hane-Hudson,294,44183-400
6056,747,Bradtke and Sons,"Anderson, Will and Eichmann",730,61744-050
6072,770,Corwin-Conn,Beahan-Prosacco,309,30142-289
6058,738,Pagac LLC,Beier Inc,37,59779-227
6030,715,"Gulgowski, Halvorson and Oberbrunner",Thompson-Hodkiewicz,263,65197-001
6074,719,"Miller, Schroeder and Swift",Schaefer-Collier,641,0268-1457
6084,730,Tremblay-Osinski,Schiller-Ondricka,109,55289-097
6007,730,Marks-Rowe,Hahn-Mann,899,37808-252
6023,725,"Cummerata, Green and Balistreri",Prosacco-Brown,667,53808-0707
6011,701,Lemke Group,Kassulke Inc,786,33261-034
6079,730,Collier-Thiel,Maggio-Heaney,128,51531-8968
6062,757,"Gibson, Connelly and Lakin",Kertzmann LLC,870,0310-0752
6011,764,Effertz and Sons,"Boehm, Ryan and McGlynn",128,68788-9526
6070,766,Hilpert and Sons,Kassulke-Spinka,775,68046-001
6055,762,Mosciski LLC,"McKenzie, Okuneva and Raynor",940,15054-0530
6050,738,Skiles and Sons,Breitenberg Group,586,60429-041
6002,701,"Ebert, Predovic and Runte",Heller-Rodriguez,852,14783-033
6068,768,Harvey and Sons,Swaniawski-Schinner,659,55154-8330
6008,711,"Ebert, Schulist and Little",Schmidt Group,570,25000-134
6057,752,Cronin-Runolfsdottir,Zboncak LLC,769,0615-5533
6089,758,Stracke-Emmerich,"Towne, Rolfson and Johns",488,67046-156
6032,733,Bayer LLC,O'Conner-Considine,25,52319-001
6097,752,Huels-Veum,"Yost, Vandervort and Zboncak",240,10631-134
6022,728,Prohaska-Schmeler,Rippin LLC,841,52268-400
6034,713,Tremblay-Wilderman,McGlynn-Torp,292,0187-5011
6063,736,Mosciski-West,Botsford Inc,268,36987-1353
6069,710,Frami and Sons,Doyle-Block,317,0591-2222
6095,723,"Leannon, Wisozk and Mayert",Bahringer-Davis,874,13537-190
6007,755,"Eichmann, Brakus and Bernier","Collier, Hodkiewicz and Wunsch",719,0087-6063
6095,750,Osinski LLC,Labadie Group,527,0781-2823
6030,720,Cruickshank-Olson,"Graham, Turcotte and Dooley",693,0009-4541
6028,704,Bogisich-Schmeler,"Bartell, Jones and Braun",441,16729-181
6037,716,Hartmann LLC,"Leannon, Prosacco and Witting",521,50419-483
6046,711,"Corkery, Littel and Moen",Runolfsdottir-Heathcote,775,63304-505
6065,747,"Waters, Hand and Bogan",Pfannerstill Inc,862,55312-520
6092,745,Leannon Inc,"Turner, Hickle and Maggio",52,43063-529
6035,706,"Beatty, Abshire and Beer",Goldner LLC,91,65923-704
6015,768,Rolfson Inc,"Crist, Sawayn and Berge",45,48951-3043
6020,705,"Blanda, Emmerich and Buckridge","Yost, Bosco and Block",186,0268-1034
6011,745,Legros LLC,Schmidt and Sons,20,63704-009
6023,757,Mraz-Murazik,"Rau, Corkery and Rohan",294,43251-3333
6030,723,"Quigley, Gislason and Gaylord",Yost and Sons,91,42549-658
6054,726,Turner Group,Jenkins-Kunze,866,61715-078
6094,701,"Jakubowski, Thiel and Durgan",Tromp-Cummings,755,62577-613
6075,744,"Homenick, Wilkinson and Volkman",Berge-Mayert,896,36987-1332
6034,770,"Jenkins, Wisozk and Goldner",Mann-Sporer,481,53808-0825
6044,758,Schimmel and Sons,Jakubowski-Gusikowski,488,49288-0092
6004,721,Mueller Inc,Raynor-West,895,64092-122
6035,700,Kub-Kuhlman,Jerde-McLaughlin,435,24338-120
6072,728,Tromp Inc,Windler-Leannon,599,58737-112
6026,710,Waelchi-McCullough,"Cruickshank, Schaden and Cormier",433,60429-620
6054,765,Lowe-Schoen,Considine-Treutel,802,41268-432
6037,701,"Ebert, Kshlerin and Greenholt",Emard and Sons,710,46708-089
6051,737,Leannon-Swaniawski,Daugherty LLC,268,43269-640
6091,705,Medhurst and Sons,"Reilly, Hartmann and Wilderman",288,53157-122
6089,747,Nienow LLC,Leannon and Sons,996,13537-554
6100,756,"Zulauf, Konopelski and Hilpert","Howe, Cartwright and Schneider",565,43857-0074
6078,707,"Kovacek, Schaden and Funk","Borer, Johnson and Ebert",579,52125-701
6050,753,Hickle-O'Kon,Graham LLC,333,36987-2799
6029,720,Bins LLC,Stroman Group,484,0093-1138
6096,720,Sanford-Tromp,Hickle and Sons,397,43857-0106
6065,736,Schinner-Russel,Trantow-Wiza,655,41520-645
6031,709,Jacobs LLC,"Koch, Romaguera and Sporer",760,63629-1501
6087,727,Jacobs-Wiegand,Ernser LLC,952,50458-595
6045,719,Johnson Inc,Haag-Sawayn,624,52904-443
6058,737,"Ledner, Parker and Muller",Ryan-Howell,532,51991-292
6039,735,"Zboncak, Haley and Corwin","Christiansen, Turner and MacGyver",960,24488-043
6087,764,"Yost, Ortiz and Gaylord",Will Inc,850,0615-0564
6055,711,Kulas Group,"Barton, Eichmann and Armstrong",148,54569-6118
6087,741,Block-Kub,"Leffler, Johns and Aufderhar",796,48951-1213
6019,750,"Mann, Keebler and Heidenreich",Olson-Herman,634,0603-5090
6091,720,"Torphy, Schneider and Kulas",Gottlieb Group,865,42809-0002
6088,709,Stark Inc,"Kulas, Breitenberg and Hane",151,37000-184
6013,718,"Boyer, Stoltenberg and McGlynn",Morissette Group,679,68210-0402
6070,770,Johnson-Romaguera,"Jaskolski, Gleichner and Kemmer",587,10544-092
6049,760,O'Conner-Lang,"Hackett, Schroeder and Weissnat",370,52725-490
6049,746,"Schumm, Kilback and Lesch",Thiel Inc,591,48951-2105
6038,746,"Conn, Howe and Harber",Dooley-Wiegand,911,65044-1081
6058,752,Keebler LLC,O'Connell Inc,736,76436-203
6055,757,"Ferry, Nader and Turner",Schaden-Koelpin,202,61715-030
6038,707,"McClure, Donnelly and Murray",Cronin-Ruecker,291,76420-450
6042,750,Luettgen-Moore,Rodriguez-Predovic,597,0615-4544
6043,738,"Bogan, Ryan and Pagac","Schneider, Auer and Blanda",276,54868-2198
6082,717,"Lowe, Dietrich and Jenkins","Langworth, Weber and Ledner",817,60432-616
6022,735,Kshlerin-Tromp,"Mertz, Kirlin and Prosacco",805,63629-2688
6011,715,Flatley LLC,Kreiger LLC,619,0378-6124
6080,710,Fadel-Satterfield,Ward-Hills,744,0832-1008
6003,709,"Leffler, Weissnat and Rau",Connelly-O'Kon,974,68001-151
6021,765,Dibbert-Howe,Gislason Inc,938,0006-0575
6019,768,"Wilderman, Corwin and Feil",Weissnat Inc,398,0078-0628
6034,753,Grant Group,"Harber, Morar and Zieme",548,0904-5684
6081,733,Rath Group,Kling-McGlynn,859,52533-080
6022,743,"Corwin, Koss and Ruecker",Schultz-Toy,814,36987-1859
6026,742,Borer Group,"Wiegand, Koepp and Rowe",522,0527-1373
6049,730,"Gerhold, Olson and Walter","Pfeffer, Johnston and Dicki",847,53187-480
6037,730,"Treutel, Harvey and Cummings",Torphy Group,666,68084-539
6003,733,"Weimann, McDermott and Stokes","Konopelski, Lang and Sporer",389,41167-1602
6061,701,Altenwerth Group,Ward and Sons,873,53208-505
6079,704,Jacobson LLC,Blanda-Schuster,515,24090-470
6021,713,"Armstrong, Erdman and Crona","O'Kon, Gaylord and Lynch",530,62584-639
6003,743,Gerhold Group,"Boyer, Daniel and Fadel",325,52125-189
6076,704,Oberbrunner LLC,Haag and Sons,916,55910-050
6035,747,Donnelly LLC,Kozey-McClure,759,21695-249
6053,714,"Bergnaum, Ruecker and Larson","Hyatt, Ernser and Ratke",961,60681-1235
6004,723,Bayer-Sauer,Aufderhar-Nolan,427,54868-1425
6019,765,Crooks LLC,"Okuneva, Olson and West",348,55316-595
6096,740,Stokes-Hammes,Trantow and Sons,147,0832-0911
6069,744,Runolfsson LLC,McGlynn-Schaefer,748,55154-5683
6089,701,Ratke-Heidenreich,Lesch Inc,432,51672-4124
6091,769,Walter and Sons,Bayer-Cruickshank,88,65162-052
6065,759,"Nitzsche, Yost and Heller",Lang-Spencer,825,0115-1333
6015,716,Gislason-Wisoky,"Leannon, Ruecker and Huel",974,0054-0542
6022,754,"Baumbach, Howell and Schamberger",Zemlak-Stanton,978,20276-432
6013,732,Marvin-Hamill,"Funk, Walsh and Flatley",762,0019-1323
6079,767,Roberts-Welch,Harvey-Veum,911,47335-904
6029,701,"Renner, Tillman and Casper","Bayer, Herzog and McClure",3,68828-162
6052,724,Rath-Carroll,Koelpin and Sons,511,41520-886
6060,753,Stamm Group,"Johnson, Stark and Jacobs",434,49349-713
6001,731,Morar and Sons,McGlynn-Morissette,588,55648-941
6047,755,Koelpin Group,Cassin Group,54,52125-977
6049,767,Murphy-Botsford,Windler Group,304,41250-037
6030,716,"Bayer, Bashirian and Legros","Pacocha, Bahringer and Pollich",533,62584-143
6025,739,Cummerata-Yost,"Schamberger, Predovic and Bechtelar",83,16714-371
6033,752,"Dietrich, Murphy and Kuhlman","Medhurst, Ruecker and Murray",797,44911-0067
6053,763,Bradtke and Sons,"Cartwright, Schumm and Wiza",602,42291-142
6065,763,"Cremin, Casper and Cummerata","Boyle, Daugherty and Stiedemann",646,0173-0394
6090,724,Quigley-West,Lubowitz-Daniel,511,17630-2020
6007,750,"Witting, Stracke and Hessel",Waters Group,19,64679-744
6006,736,Ondricka and Sons,"Barrows, Price and Witting",60,49967-095
6095,737,"Stehr, Christiansen and Mohr",Mohr Group,658,47682-820
6004,751,Schmeler-Renner,Mueller and Sons,771,49999-835
6072,709,"Hyatt, Marvin and Feest",Watsica-Lowe,598,33261-717
6043,760,Schuster-Wunsch,"Considine, Tillman and Block",189,36987-1514
6088,741,Hartmann and Sons,"Kozey, Wolff and Windler",295,0641-6139
6037,759,Lockman-Will,"Spinka, Hilll and Cassin",996,76405-010
6064,704,Jenkins and Sons,Toy LLC,141,0143-9853
6076,724,Rohan-Turner,Smitham-Wolf,598,65483-993
6056,732,Luettgen-Ruecker,"Mraz, Waelchi and Wiegand",648,52686-271
6015,749,Hartmann and Sons,"Walter, Kessler and Deckow",834,24338-132
6039,727,Stamm-Collier,"Hudson, Mraz and Grant",444,68084-174
6040,724,Bergstrom-Pfeffer,Green-Ondricka,910,61957-2040
6078,741,Orn and Sons,Legros-Spinka,12,36987-2014
6095,761,Hartmann-Lindgren,Lakin-Roberts,97,51346-185
6007,710,"Nitzsche, Jast and Feeney",Hudson-Murphy,450,53329-075
6069,715,Howe Group,"Sanford, Zieme and Reinger",738,64141-003
6046,753,"Kovacek, Sanford and Wunsch","Collins, Heller and Bogisich",618,62670-4765
6082,740,"Veum, Kunde and Reinger",Reynolds-Vandervort,544,36987-2633
6011,714,"Bartell, Prohaska and Oberbrunner","Effertz, Hilpert and Ryan",43,11673-766
6035,761,Powlowski-Blick,"Lowe, Lowe and Hoppe",72,0904-2244
6030,759,"Hartmann, Crist and Kozey","Bradtke, Metz and O'Conner",54,60505-3718
6008,763,"Pacocha, Walsh and Breitenberg",Steuber-Lindgren,12,65044-1213
6041,729,Murazik-Feil,"Franecki, Lemke and Lynch",234,49288-0784
6053,707,Effertz-Gerlach,"Murphy, Halvorson and Reynolds",700,59779-066
6096,719,Hirthe Inc,Rosenbaum LLC,421,65044-3716
6014,721,Klocko LLC,"Flatley, Kohler and Nicolas",775,0085-0962
6001,748,"Lebsack, Beatty and Nienow",Purdy Group,114,50268-789
6092,762,Kovacek and Sons,Barrows-Kassulke,433,49967-372
6051,732,Kulas-Kunde,Kautzer Group,285,47781-147
6054,764,"Brakus, Bogisich and Rice",Batz-Koch,876,58414-3506
6005,754,Parisian Inc,Koelpin-Bradtke,999,52584-018
6082,746,Reilly LLC,Steuber-Kunde,831,53807-530
6091,707,"Osinski, Strosin and Johns",Okuneva Group,347,42507-166
6025,754,Hahn-Torphy,"McGlynn, Brown and D'Amore",433,52584-977
6071,714,"Gutmann, Durgan and Dare",Rempel-Walter,715,37000-066
6035,711,Jones Inc,"Wiza, Reinger and Braun",185,60429-754
6012,723,"Greenholt, Schuster and Parisian",Johnston-Langosh,738,52862-013
6026,702,"Pollich, Turner and Barton","Beier, Bauch and Rowe",591,10237-800
6007,758,Simonis-Hettinger,Walsh-Nienow,133,54569-0294
6035,757,Schoen Inc,"Smitham, Fay and Medhurst",672,0264-1965
6092,726,Lang and Sons,"Schmidt, Towne and Leannon",876,17630-2010
6020,734,Abbott Inc,"Hayes, MacGyver and Boehm",52,0395-2300
6011,712,Franecki-Pollich,Rowe-Block,620,50458-343
6096,727,"Hammes, Douglas and Marks","Rohan, Corwin and Bednar",598,67871-007
6008,739,Pollich-Bogan,Casper-Bergstrom,853,36000-045
6068,719,Waelchi LLC,Hintz LLC,439,63629-3318
6092,752,Ruecker-Mueller,Bosco-Murray,491,0463-6155
6085,767,"Beahan, Donnelly and Goldner",Frami-Smith,65,69072-100
6082,721,"Tremblay, Schroeder and Steuber","Gutmann, Rice and Conn",680,59667-0093
6012,718,Welch-Quigley,Farrell-Mitchell,582,58980-890
6077,715,"Conn, Gusikowski and Swaniawski",Crooks Group,205,58668-4001
6019,759,West LLC,Considine-Adams,341,0268-0153
6077,716,Terry-Cruickshank,Schmidt Group,140,52731-7014
6068,769,Abernathy LLC,Lockman-Toy,616,61919-483
6076,737,Schmitt-Schmidt,Lakin LLC,102,0085-4355
6088,763,Reichel-Dibbert,"O'Keefe, Lockman and Baumbach",796,0078-0182
6028,767,Flatley Group,"Quitzon, Morar and Rolfson",679,49349-513
6011,739,Hermann-Nicolas,"Kohler, Beier and Runolfsson",996,57896-763
6026,713,Gleichner Inc,Wilkinson-Nolan,491,0179-0055
6003,726,Schulist-Hoeger,"Kihn, Metz and Heaney",,57955-0727
6082,712,"Bogisich, Schultz and Sipes","Dooley, Tillman and Reichel",359,50436-6334
6081,741,Morissette-Tromp,"Doyle, Wilderman and Hamill",172,50302-100
6004,740,Collier LLC,Abbott-Schaefer,290,61957-0002
6023,739,"Cole, Marquardt and Stiedemann","Thompson, Prohaska and Rutherford",366,50114-1032
6020,704,Ruecker Group,Kunde LLC,852,24909-147
6081,724,"Corwin, Barton and Gerlach",Homenick-Trantow,196,62670-4833
6061,712,Weber-Becker,Schowalter Inc,547,68016-101
6094,715,Koss LLC,Lowe LLC,702,55714-4591
6038,715,Schneider Group,Kling-VonRueden,586,50436-9990
6100,752,Mohr-Ernser,Gaylord and Sons,736,66472-039
6008,750,Labadie and Sons,Deckow-Rogahn,142,36987-1526
6029,722,Kshlerin and Sons,Bradtke-Hahn,702,51393-7323
6078,728,"MacGyver, Purdy and Haley",Mueller-Williamson,876,76170-103
6030,739,Hirthe LLC,"Dickinson, O'Connell and Lehner",547,54868-4778
6050,753,McKenzie-Satterfield,O'Reilly LLC,696,55154-5750
6026,711,"Turcotte, MacGyver and Zulauf",Champlin Inc,983,36987-1091
6027,720,Ritchie-Pfeffer,"Veum, Schroeder and Batz",286,0832-7124
6083,736,"Emard, Thompson and Ziemann",Nolan-Wiza,171,63323-258
6049,731,Ryan-Emard,Daniel Inc,801,66993-897
6068,707,Walker LLC,Graham Inc,96,52685-464
6034,712,"Becker, Moen and Bahringer","Prohaska, Ankunding and O'Connell",300,76379-100
6057,723,"Sauer, Hagenes and Johns","King, Schaefer and Marvin",782,24488-004
6066,747,Barrows-Feest,Eichmann LLC,196,68391-149
6035,710,"Nicolas, Bashirian and Ferry","Quigley, Witting and Huel",995,57367-029
6093,769,Vandervort Group,Stamm Group,214,0409-7903
6031,758,Gleichner-Schaden,Terry Group,291,55154-5581
6055,740,"Durgan, Parisian and Robel","Wisozk, Volkman and Gusikowski",941,47335-004
6035,722,Daugherty Group,Robel-Volkman,363,68472-082
6020,743,Krajcik LLC,Kiehn-Feest,697,46084-041
6047,709,McLaughlin-Stamm,"Kuhn, Schumm and Gorczany",424,65862-522
6020,743,Kemmer-Bahringer,Davis-Cronin,885,0378-0135
6084,716,Lindgren-Mitchell,Mosciski-Prohaska,873,64380-726
6037,743,Graham Group,Spinka and Sons,363,54569-0172
6078,722,Bednar-Wolff,"Mills, Donnelly and Rosenbaum",182,63730-224
6020,714,Will LLC,Batz-Klocko,217,0713-0318
6005,733,"Cummerata, Collier and Wyman",McClure Inc,551,60505-2583
6025,752,Hirthe-Davis,Keebler-Harvey,712,63629-2579
6077,703,Bergstrom-Denesik,"Cremin, Leffler and Goyette",762,55154-9441
6086,745,"Johnson, Cummerata and Toy",Schneider-O'Connell,493,36800-751
6054,700,Quigley Group,"Goodwin, Larson and Stokes",227,0615-3552
6087,707,"Mertz, Brakus and Orn","Oberbrunner, Larson and Kris",418,76340-1101
6054,738,Grimes-Williamson,Green-Kuhlman,757,53145-303
6072,734,Wiza Inc,Rice Inc,545,11673-207
6050,753,"Feest, Fadel and Lesch",Runte-Thompson,679,76354-009
6076,742,Yundt-Stiedemann,Larson LLC,457,55154-6909
6100,701,Rice-Hartmann,Wehner-Schuppe,430,53808-0829
6001,711,Farrell-Steuber,Keeling LLC,572,10191-1459
6040,703,Auer Group,"Hudson, Bauch and Turcotte",388,63941-248
6088,740,Lynch and Sons,Strosin and Sons,88,24571-105
6073,723,Bogan-Davis,Pouros LLC,663,45861-006
6085,714,Lang-Gottlieb,"Murazik, Swift and Hodkiewicz",972,0378-5222
6008,754,"Effertz, Treutel and Shields",Cassin-Witting,172,49288-0089
6098,765,Heidenreich-Kihn,"Bashirian, Parisian and Hartmann",310,58118-1436
6007,709,Abshire-Klein,"Sawayn, Tillman and Kilback",421,54868-1078
6038,752,Leffler-Littel,Dicki and Sons,757,10671-010
6051,768,"Morissette, Kunze and Leuschke",Nicolas-Volkman,19,60429-243
6033,743,"Hansen, Kautzer and Fisher",Russel-Bartell,820,52747-110
6065,757,Considine LLC,Ward-Padberg,406,24208-399
6000,743,Zieme Group,"Hessel, Legros and Monahan",744,24909-125
6048,739,"Boyle, Kiehn and Beatty",Hilpert-Medhurst,679,63824-468
6059,738,"Welch, Donnelly and Witting",Runte Inc,867,55289-064
6029,707,"Ullrich, Mann and Windler","Miller, Kirlin and Hirthe",388,44577-001
6039,762,"Powlowski, Kuhlman and Trantow","Swift, Morissette and Padberg",923,16590-274
6037,724,"Watsica, O'Reilly and Turner","Hegmann, Rohan and Wunsch",535,0363-4007
6015,729,"Jenkins, Parisian and Fay",Romaguera-Carter,782,30142-441
6027,700,"Koelpin, Gottlieb and Cruickshank",Weissnat-Hayes,493,50241-013
6026,715,"Simonis, Armstrong and Kilback","West, Nader and Swaniawski",60,50436-3073
6036,741,Okuneva-Jerde,Effertz LLC,16,62670-4590
6013,701,Kutch LLC,Batz-Brown,481,50593-004
6059,720,"Goodwin, Wuckert and Bins",Howell-Parisian,950,61657-0006
6005,766,Torphy-Gaylord,Harber and Sons,582,66019-301
6033,742,Schulist Group,"Bauch, Will and Hagenes",294,0832-0227
6039,746,"Stracke, Cummings and Zulauf",Runolfsson LLC,291,0904-6102
6099,757,Cruickshank-Schaden,"Feeney, Thompson and Conn",834,37205-752
6065,750,Schiller Group,"Krajcik, Green and Hirthe",398,57955-0128
6050,735,Eichmann LLC,Jerde and Sons,336,49999-127
6090,736,Corkery-Bosco,"Hills, Feil and Grant",437,52116-7100
6033,708,"Schmitt, Thiel and Bashirian",Farrell-Murphy,353,55670-601
6039,756,"Lesch, Huel and Schmeler",Corkery-Marquardt,54,49999-958
6033,758,Corkery-Sauer,Eichmann-Heaney,937,11822-0817
6094,709,Simonis Group,Pfannerstill-Rutherford,869,0132-0214
6005,726,"Hessel, Carroll and Jacobs","Corkery, Gulgowski and Pagac",618,30142-014
6083,765,Haag-Graham,Huel-Wuckert,12,76330-100
6058,701,"Cormier, Hickle and Von","Block, Crona and Cremin",405,67172-574
6058,763,Deckow-Hahn,Carroll Group,719,41520-069
6067,703,Crist-Daugherty,"Marvin, Bartoletti and Homenick",870,52773-243
6051,723,Larkin LLC,Heidenreich-Douglas,426,62756-313
6026,767,"Skiles, Thiel and Nicolas","Collins, Rutherford and McDermott",209,21130-424
6032,727,Schuppe LLC,Cummerata Group,370,17478-065
6014,703,Sauer and Sons,"Hudson, Russel and Rice",677,55111-112
6056,748,Gaylord and Sons,Nikolaus-Schultz,331,0009-3447
6096,736,Moore Group,"Oberbrunner, Ferry and Stamm",612,68258-3035
6074,748,"Schimmel, Farrell and Bins",Hodkiewicz Inc,822,41163-955
6091,732,"Schulist, Gutkowski and Altenwerth","Oberbrunner, Lubowitz and Bergnaum",769,45737-246
6043,729,"Langosh, Weber and Boyle","Jenkins, O'Reilly and Erdman",46,35356-298
6057,769,Halvorson-Pouros,Gaylord-Marquardt,561,24236-889
6004,715,Erdman Inc,Grady LLC,787,58479-004
6049,704,Rutherford Inc,"Cummerata, Schaefer and Barton",325,55154-3333
6042,759,Koepp-Kautzer,"Boyle, Mills and Corwin",608,51367-020
6026,704,"Boehm, Barrows and Bednar","Bradtke, Lockman and Hintz",67,37808-219
6095,706,Welch and Sons,Murazik Inc,353,0591-3542
6088,730,Bahringer LLC,Gleichner Inc,263,0268-6646
6088,730,Rosenbaum-Yost,"Bogisich, Shanahan and McCullough",67,37205-102
6016,739,"Labadie, Conroy and Metz",Donnelly and Sons,602,51808-125
6059,767,Adams-Stiedemann,Haag-Goodwin,911,0378-0781
6095,734,Gottlieb Inc,"Sauer, Treutel and VonRueden",276,50458-930
6052,762,"Runolfsson, Greenholt and Kirlin","Weber, Abbott and Veum",206,62007-024
6100,734,"Olson, Orn and Heidenreich",Mohr Inc,292,59535-2401
6084,700,"Gerhold, Ritchie and Williamson",Romaguera Inc,315,69061-101
6046,714,Fisher-Harber,Maggio-Casper,447,65862-211
6082,736,"Hegmann, Brekke and Bode",Schmeler-Stark,21,43598-318
6078,739,"Stokes, Kub and Batz",Marvin Group,837,41616-638
6069,747,"Torphy, Rolfson and Schowalter","Roob, Davis and Zulauf",211,49527-034
6068,721,Ratke-Schulist,"Mills, Koelpin and Smitham",20,52544-622
6079,754,MacGyver and Sons,"Zieme, Hodkiewicz and Russel",561,58411-124
6086,708,D'Amore LLC,Pollich Inc,787,63629-2585
6059,766,"Harris, Stanton and Okuneva","Davis, O'Keefe and Lubowitz",311,60258-802
6050,702,Bergnaum-Johnston,Herzog-Prohaska,134,13630-0040
6053,760,Yost and Sons,Huel and Sons,143,59078-042
6055,716,Walsh LLC,Fisher-Walter,586,0206-3501
6014,752,Terry-Schaden,Crooks-Johnston,849,21695-940
6059,721,"Baumbach, Gibson and Abbott",Franecki-Padberg,420,36987-1781
6065,728,Wiza-Waters,"Schuster, Quitzon and Botsford",211,10849-003
6072,754,Runolfsdottir-Bogisich,Trantow LLC,762,0074-2280
6001,703,Powlowski-Fisher,Schoen and Sons,206,61722-063
6034,725,"Nitzsche, Hirthe and Bosco","Smitham, Cole and Abernathy",162,10019-063
6008,735,Bergnaum-Borer,Cronin Group,911,54973-3160
6099,756,"Haley, Kerluke and Rutherford",Balistreri-Becker,873,36987-2709
6031,705,"Satterfield, Fisher and Dibbert",Wunsch Group,439,15127-905
6008,721,Muller Group,Mayer Inc,807,59535-7201
6010,708,Kerluke and Sons,"Bogisich, Ritchie and Torphy",92,57627-157
6074,757,Legros Inc,Bartell-Schuster,458,36987-1372
6078,716,Carroll Group,Ernser-Stehr,94,55566-5030
6066,705,"Will, Frami and Simonis","Ritchie, Christiansen and Maggio",577,24385-255
6064,704,Shanahan Group,"Wintheiser, Murazik and O'Conner",194,76237-278
6041,737,Watsica Group,Grimes-Mann,65,53014-580
6010,760,Boyle Inc,"Welch, Hoppe and Waelchi",234,0093-7382
6041,736,"VonRueden, Kunze and Brekke","Borer, Leannon and Effertz",114,0054-3545
6100,757,"Sawayn, Grimes and Spinka",Ryan-O'Conner,888,68788-9884
6029,713,Koelpin Group,Treutel Group,278,0591-2720
6007,757,Jenkins-Corkery,Franecki-Smitham,533,0093-0011
6022,705,Koelpin-Pfeffer,"Blick, Osinski and Sporer",291,63739-281
6051,716,Nicolas-Kemmer,Zulauf Inc,387,58668-2671
6034,758,"Adams, Donnelly and Bergnaum",Schulist LLC,95,48815-1002
6050,764,Rowe Group,Cassin Inc,803,52584-410
6022,718,"Balistreri, Renner and Will","Kiehn, West and Lockman",307,76214-022
6066,768,Wisozk-Roberts,Parker-Hudson,865,16729-034
6049,769,"Torp, Bailey and Feeney",Parker Group,74,27293-016
6014,748,"Bartell, Emmerich and Parker",Lesch-Labadie,860,0268-0083
6015,742,Hegmann Inc,Schmeler-Ratke,669,21130-053
6015,733,Kunde-Schumm,Mertz and Sons,444,0904-1315
6087,758,Schultz-Satterfield,Halvorson-Vandervort,888,68084-360
6077,742,Johnston-Pagac,"Krajcik, Runte and Legros",627,65841-752
6049,756,Batz-Schmidt,"Mohr, Rice and McClure",222,52125-147
6045,770,Yundt-Ferry,"Treutel, Hegmann and Botsford",620,53943-557
6094,724,Schmidt-Little,Hirthe LLC,484,37012-379
6064,746,Ryan-Collins,"Jones, Satterfield and Beer",719,36800-151
6051,734,Little and Sons,"Rau, Kuphal and Senger",663,0168-0279
6066,724,"Lubowitz, Harber and Pacocha",Stracke-Friesen,498,13537-511
6030,750,"Hirthe, Hermann and Hoeger","Kunde, Aufderhar and Ondricka",790,41250-026
6027,708,Balistreri LLC,"Schoen, Wilderman and Anderson",489,68151-2780
6066,726,Kessler-Beier,Kassulke Group,407,0555-9014
6023,726,"Ondricka, Bode and Mitchell","Brakus, Nienow and Schimmel",666,51523-029
6090,739,"Emmerich, Hammes and Stracke",Gorczany Group,25,55154-5953
6062,754,Leffler-Mayert,"Hansen, Heidenreich and Buckridge",260,66116-464
6020,714,Toy Group,Kshlerin-Prosacco,118,59572-501
6001,701,Howell Inc,Huels Group,307,54868-5674
6074,760,Howell-Ziemann,Kutch Inc,276,29033-019
6073,738,"Wilkinson, Bernier and Wiza","Goldner, Bernhard and Eichmann",655,62011-0097
6072,736,Champlin-Connelly,Altenwerth Group,712,51706-303
6033,706,"Langosh, Runte and Johns",Wilderman Inc,693,0113-0603
6063,717,Kerluke LLC,"Jacobs, Marquardt and Jones",353,0363-0725
6045,733,Carter LLC,Senger-Marks,697,41250-310
6068,706,O'Conner-Hickle,Ebert-Romaguera,530,11673-590
6042,742,Carroll LLC,"Toy, Armstrong and Wehner",18,68084-250
6031,709,Gleichner and Sons,O'Kon-Walsh,261,11673-029
6096,718,Deckow-Stark,Hilpert-Hayes,20,48951-7095
6044,755,Lesch-Schmeler,Kuphal Group,45,52854-400
6041,708,Gusikowski Inc,Rodriguez Group,365,64117-138
6036,737,"Stamm, Turner and Langosh",Waters and Sons,148,33261-344
6066,719,Blanda and Sons,Boehm-Hessel,34,43353-131
6075,758,Veum-Rodriguez,Batz-Becker,311,68511-350
6038,748,Kreiger Inc,"Lynch, Metz and Erdman",197,52125-478
6097,700,Gorczany-McKenzie,"Maggio, Lind and Runte",948,49817-0070
6070,751,Fahey-Hermann,"Runolfsson, Pouros and Gleason",377,54868-5275
6061,762,Volkman Group,"Block, Nader and Hoppe",537,50436-6745
6047,707,Batz-Halvorson,Rolfson-Schultz,983,76119-1328
6084,740,Crona-Nolan,"Roberts, Zemlak and Trantow",888,49252-001
6054,761,Leuschke Inc,"Murphy, Lockman and Jacobi",627,0268-1128
6041,729,Huel-Crist,Smith Inc,820,64980-162
6022,730,Mante-Friesen,"Wintheiser, Welch and Marquardt",83,55154-4756
6009,746,Lang LLC,"Nicolas, Bins and Klocko",941,76214-027
6089,706,Breitenberg-Cole,Konopelski-Lemke,918,55154-5619
6018,724,"Leffler, Gerlach and Waelchi","Johnston, Koelpin and Hand",832,24385-962
6076,713,Price Group,Grady-Cassin,999,68983-002
6043,722,Bernier-Koss,Macejkovic LLC,416,76214-041
6007,726,"Weimann, Little and Gorczany",O'Kon-Heathcote,822,54868-5377
6097,712,Osinski LLC,Reichert Group,521,30142-445
6098,716,Koelpin-Block,Adams Group,205,0555-0095
6067,739,"Schuppe, Towne and Smitham","Wisoky, Heidenreich and Legros",449,50436-0736
6057,730,"Lebsack, Reichert and Weissnat",Hackett-White,162,59535-8701
6084,760,Wintheiser-Fay,"Daugherty, Cruickshank and Rutherford",608,12634-530
6090,758,Nicolas-Hoeger,Ziemann LLC,295,62750-027
6009,716,Olson and Sons,Marks and Sons,388,11410-920
6096,761,"Vandervort, Murazik and Thiel",Ortiz-Bosco,945,55154-1918
6076,749,Corkery-Bashirian,Schaden-Champlin,787,49288-0052
6001,722,"Romaguera, Schaefer and Predovic","Wunsch, Keeling and Kilback",400,67046-128
6058,724,Wiegand-Cormier,"Dare, Sauer and Ward",866,59667-0093
6087,741,"Okuneva, Baumbach and Boyer",Bauch-Dicki,508,11026-2639
6049,761,Keebler Group,"Becker, Quitzon and Kessler",252,49999-915
6029,748,Funk-Haag,Gottlieb Inc,12,63739-559
6079,724,"Zieme, Runolfsson and Stokes",Bailey Inc,608,13533-613
6038,727,Waelchi Inc,Kozey-Rohan,20,57915-003
6058,759,Stark-Rutherford,"Orn, Ankunding and Spencer",533,68784-102
6066,705,Heller-Sporer,Brown Inc,384,33261-756
6003,770,"Cassin, Luettgen and Ebert","Howell, Tromp and Eichmann",283,0944-4351
6079,714,"Mann, Zulauf and Macejkovic",Schmeler Inc,592,48951-3104
6082,758,Abbott-Grant,Goodwin-Predovic,806,50458-930
6067,726,Borer-Dicki,"Roob, Rath and O'Connell",65,36987-1246
6074,725,"Reynolds, Kozey and Flatley","Satterfield, Ryan and Cassin",42,10477-0807
6055,744,Sipes-Dibbert,Lang-Dickinson,356,47682-009
6044,700,"Von, Homenick and Cummerata",Homenick-Prosacco,144,0363-0503
6086,735,"Daugherty, Marks and Larkin",Lueilwitz and Sons,409,68516-3203
6011,759,Ziemann Inc,"Abbott, Miller and Kessler",171,13537-430
6090,750,Muller Group,"Rippin, Luettgen and Graham",950,21695-656
6034,766,"Herman, Jacobi and Johnson",Heaney-Nicolas,458,55315-236
6080,765,Zulauf and Sons,"Hoppe, Douglas and Fahey",754,16590-341
6035,757,Steuber-Nienow,Hirthe Group,873,41520-345
6026,723,Schuster Inc,"Spencer, Keebler and Langworth",278,0179-0094
6033,709,Stracke-Tremblay,"Zulauf, Herzog and Shanahan",817,47682-097
6090,701,Will Group,"Treutel, Blick and Heaney",983,49348-362
6029,715,"Hilll, Douglas and Abernathy",Konopelski and Sons,206,50419-344
6034,756,Stamm Group,"Schmitt, Bergnaum and Hyatt",702,0095-0860
6055,726,Nitzsche-Carroll,Deckow-Von,121,16590-357
6045,722,Huels-Larkin,"Bins, Reynolds and Waters",635,13734-138
6052,748,"Ullrich, Becker and Zulauf",Gulgowski and Sons,314,54868-4897
6035,760,Pouros Group,"Wiza, Sporer and Upton",141,68428-134
6038,729,Conn Group,"Ondricka, Macejkovic and Lemke",67,35356-718
6036,770,Robel-Nicolas,"Krajcik, Macejkovic and Bins",957,64249-0004
6041,763,Stokes Group,"Walsh, Schroeder and Buckridge",83,55316-699
6029,734,Schulist Inc,"Windler, Bailey and Sipes",86,42291-677
6090,725,"O'Keefe, Macejkovic and Hammes",Bogisich Inc,870,11822-4111
6061,724,"Kuphal, Leuschke and Kuhn","Schaden, Okuneva and Larkin",791,53645-1780
6066,726,Grady Inc,"Hilpert, Tromp and Predovic",413,61010-3200
6015,704,"Kemmer, Maggio and Bernier",Purdy-Weissnat,370,36987-3111
6080,734,McKenzie and Sons,"Purdy, Romaguera and Hammes",762,10191-1714
6044,721,"Kassulke, Altenwerth and Littel","Larson, Emmerich and Cremin",,52125-894
6076,707,"Witting, Crona and Hegmann","Donnelly, Padberg and Erdman",796,36800-482
6028,767,Bailey Inc,Konopelski LLC,702,0603-3900
6049,722,Lemke Group,Kutch and Sons,441,13733-030
6008,753,Johnson-Mayert,Fay and Sons,646,42507-308
6075,700,Feest Inc,Bailey LLC,439,52125-459
6019,738,Moen Group,Bartoletti LLC,670,16252-533
6003,701,Armstrong and Sons,Homenick-Lesch,148,57520-1052
6078,769,Leuschke-Little,Terry LLC,109,21695-392
6037,762,Trantow and Sons,Denesik and Sons,60,54868-5322
6026,721,"Armstrong, Runte and Johns",Cole Group,189,41250-619
6084,762,Shields Group,Dibbert LLC,756,41163-517
6078,757,Luettgen and Sons,Blick LLC,360,36987-2259
6100,743,Rogahn-Conroy,McCullough Inc,226,55319-059
6018,709,Blanda-Fisher,Hermiston Inc,782,52533-105
6090,768,Hamill-Sauer,Mayert-Kuvalis,72,24236-248
6089,710,Larson-Howell,Keeling and Sons,582,49349-082
6017,744,"Kassulke, Kuhic and Hyatt",Schumm-Beer,825,68462-556
6014,759,Donnelly-Wunsch,Wolff-Cormier,458,0363-0010
6007,728,"Labadie, Watsica and Wisozk","Heidenreich, Hoppe and Glover",873,37000-372
6068,705,Farrell-Hand,"Ankunding, Fisher and Ferry",368,56104-302
6077,722,"McKenzie, Douglas and Hoeger",Heidenreich-Kerluke,67,13811-621
6095,753,Beatty-Kovacek,VonRueden-Windler,672,42549-614
6071,721,"Kshlerin, Kreiger and Rempel","Johns, Ernser and Lehner",67,16729-065
6013,725,"Lubowitz, Beatty and Tillman",Tromp Inc,163,42507-489
6048,755,Gusikowski LLC,Hoppe Group,547,24724-028
6006,716,Adams and Sons,Kihn Group,9,33261-157
6068,755,Schumm LLC,Lakin and Sons,488,16590-617
6097,746,"Stehr, Renner and Blick",Sauer-Schamberger,273,54575-126
6068,729,Doyle-Yundt,"Smitham, Ondricka and Casper",870,15667-5049
6007,747,Cronin-Macejkovic,Barton-Kohler,141,0456-2220
6045,759,Pacocha LLC,Hahn-Mann,822,10096-0267
6057,752,McDermott LLC,Hand Group,828,42472-001
6033,766,Lemke-Schinner,"Macejkovic, Weimann and Ferry",618,50844-226
6078,714,"Legros, Von and Feeney","White, Pollich and Hills",141,53329-008
6028,753,Franecki-Greenfelder,"Gaylord, Nader and Lemke",506,16590-528
6033,753,Nitzsche-Dare,Lockman LLC,234,58133-075
6017,769,"Koch, Kemmer and Kris",Crooks Inc,691,63717-870
6031,748,Gleason-Smith,Torp Inc,782,70253-556
6034,729,Turner Inc,Grant-Wisoky,974,35356-923
6099,722,Adams-Feest,Hamill Group,3,16714-031
6018,728,Aufderhar Group,Nolan-Weber,457,55648-153
6054,710,Tromp and Sons,"Ebert, Gislason and Beahan",72,0054-0019
6009,713,Johnston-Lemke,Beahan Inc,495,66854-003
6012,722,"Bashirian, Harvey and Runte","Cronin, Smitham and Reynolds",520,10096-0317
6083,739,Ziemann-Raynor,Padberg Inc,360,76250-641
6063,753,Wilderman Inc,Reichert-Willms,691,21695-382
6059,735,Kreiger-Gerhold,Bins-DuBuque,546,55154-5455
6049,755,"Collins, Reichert and Schroeder",Kessler LLC,770,53808-0362
6044,740,Deckow Inc,Morar and Sons,493,21695-907
6045,710,"Metz, Effertz and Borer",Ruecker-McDermott,898,51327-300
6065,707,"Osinski, Christiansen and Denesik","Littel, West and Aufderhar",60,60429-029
6014,719,Abbott-Cartwright,"Roob, Green and Waelchi",666,0409-7794
6009,717,"Smith, Upton and Dooley",Torphy-Klein,537,0268-0247
6013,721,"Murazik, Walter and Wilkinson",McCullough Group,796,76329-3316
6095,703,"Ruecker, Heaney and Lesch","Crona, Dietrich and Ledner",591,76340-1201
6052,746,Abbott Group,Muller LLC,693,65862-062
6056,732,Brekke and Sons,"Feest, Gerhold and Daugherty",65,37205-519
6058,758,"Fahey, Miller and Connelly","Kling, Connelly and Marvin",899,61995-2391
6038,765,Schmidt Group,Harber-Trantow,20,68703-047
6026,753,"Mayert, Wyman and Klein",Kirlin-Carroll,203,53808-0364
6100,729,"Stamm, Ankunding and Gusikowski","Abshire, Aufderhar and Corkery",899,55154-3424
6069,703,Predovic Inc,Abshire LLC,404,67850-014
6051,712,"Leffler, Kohler and Fisher",Dickens-Heathcote,840,68786-216
6034,757,Leuschke Inc,Bradtke-Beier,406,49738-206
6038,705,"Murazik, Hand and Quitzon",Gutkowski-Schmidt,260,60429-132
6093,705,"Bailey, Conn and Nicolas","Graham, Altenwerth and Mayer",147,58118-1116
6078,721,Tremblay-Heaney,Ankunding and Sons,469,21695-065
6012,728,Quigley LLC,Kulas Group,307,61703-309
6017,751,Murphy-Macejkovic,Koss and Sons,585,68151-2991
6082,721,"Stoltenberg, Schowalter and Wisozk","Hickle, Casper and Reynolds",314,37205-612
6097,702,Witting-Hickle,Boehm Group,389,0179-0039
6057,769,"O'Kon, Crona and Cronin",Bahringer Inc,90,43063-472
6074,709,"Abernathy, Williamson and McCullough",Sporer Inc,621,48951-8241
6091,759,Hayes LLC,Graham-Willms,782,49808-123
6035,737,"Grady, Crist and Blick",Kessler-Rutherford,412,36800-540
6050,752,Johns LLC,"Gibson, Mante and Dicki",621,64578-0093
6021,702,"Dicki, Goldner and Schneider",Green-Pfeffer,470,68703-109
6082,738,"Kovacek, Leuschke and Grant","Langworth, Gutkowski and O'Hara",325,52797-010
6030,765,"Yost, Huels and Gusikowski",Wolff-Fisher,667,49643-021
6090,730,Lockman Inc,Kuhn Inc,689,60429-318
6005,761,Kerluke Group,Zieme LLC,384,59062-1327
6005,726,"Howell, Legros and Hayes",Hackett-Borer,630,52374-101
6079,757,Murazik LLC,Baumbach-Wiza,311,37000-500
6035,739,Parker-Blick,Orn LLC,473,43269-757
6008,746,Stiedemann-Mills,Bailey-Gerlach,651,35356-622
6049,709,Lemke-Gaylord,McKenzie Inc,938,55878-105
6007,736,Cormier and Sons,Hagenes-Von,186,13537-202
6084,710,"Kerluke, Wunsch and Kertzmann",Casper Inc,766,65044-6518
6078,709,"Mills, Stoltenberg and Spencer",Hilll-Lindgren,268,35356-500
6078,760,Lakin-Klocko,Harris and Sons,887,53808-0414
6063,705,Hayes-Dietrich,"Zboncak, Ankunding and Rippin",554,10597-559
6057,754,"Goyette, Hoppe and Heller",Williamson and Sons,974,49288-0137
6008,767,Turcotte and Sons,Pfeffer-Wintheiser,285,0024-5151
6050,753,Gislason-Moen,Quigley-Jast,472,65321-013
6015,713,"Padberg, Jast and Schmitt",Kessler-Parker,588,59746-333
6062,713,"Stamm, McKenzie and Gusikowski",Skiles-Wuckert,293,0268-0837
6065,751,"Harris, Reilly and Wiegand",Hamill Inc,458,58118-0512
6005,742,Rosenbaum-Emmerich,McLaughlin Inc,64,0378-3402
6008,730,Flatley Inc,Kautzer LLC,142,37808-266
6049,721,Pacocha-Botsford,Hettinger LLC,632,76436-129
6074,750,Koepp-Johnston,White and Sons,217,41163-664
6035,736,"Toy, Sporer and Turcotte",Kuhn and Sons,538,0378-9645
6001,703,"Baumbach, Keebler and Bartell",Muller-Rodriguez,204,66993-460
6039,768,Murazik-Grady,Rice-Purdy,493,64117-236
6077,760,Collier LLC,Hirthe-Mante,676,51545-250
6058,766,Hudson-Emard,Harris Inc,747,54868-2817
6016,726,Cremin LLC,"Schuster, Koepp and Weber",432,65044-2483
6092,711,Yost-Hamill,"Hartmann, Kreiger and Franecki",570,57955-0420
6031,704,"Rath, Lehner and Gerhold","Cormier, Wehner and Jaskolski",522,11084-116
6080,729,"Schmitt, Bauch and Sanford","Nitzsche, Stehr and Walter",782,16729-213
6067,764,"Bartoletti, Welch and Gislason","Huel, Howe and Schneider",10,49349-244
6022,743,Schuster LLC,Berge-Kunze,211,63629-1253
6071,760,"Ziemann, Konopelski and Oberbrunner","Fadel, Schimmel and Flatley",431,50580-496
6009,736,McDermott and Sons,"Bogisich, Smith and Rowe",283,59779-572
6025,745,"Borer, Marquardt and Dooley",Robel-Stanton,782,76314-004
6021,749,Breitenberg Inc,Barton Inc,790,13537-247
6026,762,Moore-Padberg,"Wolf, Welch and Donnelly",585,0641-6007
6037,727,"Jones, Heathcote and Bashirian",Schuster and Sons,391,58468-0220
6077,743,"D'Amore, MacGyver and O'Reilly","Deckow, Streich and Larson",217,0781-6023
6045,762,Steuber Group,Hessel LLC,117,65517-0029
6058,740,"Harris, Hackett and Kuhic",Flatley-Langworth,37,47335-049
6051,728,Strosin-Koss,Carter-Moore,754,59779-287
6038,725,Moore-Powlowski,Lemke and Sons,609,49035-523
6031,729,Lebsack-Hermann,"Doyle, Herzog and Wuckert",27,49908-167
6051,758,Boyer-Fritsch,Hessel-Price,406,55312-186
6050,704,Leffler Group,Quitzon LLC,195,0409-3507
6082,703,"Pagac, Anderson and Blick",Wyman Group,16,65044-5231
6062,764,Thompson-Streich,Kertzmann-Hahn,91,0641-6022
6089,764,Runolfsson-Erdman,DuBuque Group,430,52685-334
6018,754,"Williamson, Reilly and Welch",Reinger-Ziemann,345,16252-568
6008,733,"D'Amore, Gleason and Little","Grady, Thiel and Jast",217,43269-746
6092,747,"Roob, Pfeffer and Veum",Lakin-Kling,359,54868-3049
6079,714,"Gulgowski, Schuster and Koelpin","Koss, Metz and Senger",609,75866-307
6003,729,Pouros-Mitchell,"Wilkinson, Heller and Senger",689,65121-623
6082,721,Lowe Inc,"Harris, Sipes and Halvorson",307,47682-089
6047,726,"Bernhard, Schultz and Dare","Wunsch, Langworth and Reynolds",945,50383-959
6071,716,Kunze LLC,"Barton, Kertzmann and Breitenberg",296,53808-0911
6021,749,Murray LLC,Runolfsdottir Inc,42,42291-273
6042,712,"Torphy, Bode and Runolfsdottir",Von-Labadie,648,24488-003
6074,711,Olson LLC,Bauch LLC,260,35356-746
6049,728,"Bruen, MacGyver and Pouros",Grimes Group,950,0338-0095
6039,750,Sauer-Greenholt,Zieme-Rosenbaum,165,0555-0955
6038,706,Farrell Inc,"Kuhn, Christiansen and Deckow",896,60512-7126
6087,700,Roberts LLC,Sanford and Sons,989,64778-0499
6027,708,Fritsch-Schimmel,"Hilll, Stroman and Weimann",170,24385-053
6043,716,Ziemann LLC,Bernhard Group,786,0280-0225
6055,733,Swaniawski LLC,"McLaughlin, Johnson and Kub",167,57955-5024
6012,733,Kemmer Group,Gutkowski LLC,476,10096-0280
6013,708,Larkin Group,Cormier-Bradtke,689,55346-0411
6023,738,Block Inc,"Eichmann, Gorczany and Kuhlman",119,68788-9935
